TripID,TripDate,TripTime,TripMonth,TripYear,TripSeconds,TripMiles,TripFare,TripTips,TripTolls,TripExtras,TripTotal,PaymentType,TripTipPercent,Payment
8b072199064a641d2b1092308d8112076d6b3c3f,11/14/2013,08:45:00,11,2013,300,0,5.45,2.00,0.00,0.00,7.45,Credit Card,36.6972,1
8b0721ee33c97c17d6229f0aaf16cadd26dc99bd,11/14/2013,09:00:00,11,2013,2400,12.8,28.45,15.00,0.00,2.00,45.45,Credit Card,52.7240,1
8b07293a564e3cb297270ec187789732af151328,07/11/2013,12:00:00,07,2013,480,0,6.85,3.00,0.00,0.00,9.85,Credit Card,43.7956,1
8b072a98a212e7b95ad83112b140a5437ff65f1c,03/26/2013,04:00:00,03,2013,600,2,7.85,2.00,0.00,0.00,9.85,Credit Card,25.4777,1
8b072d9e5e5d74abb967bd3adb40f007eff042fb,08/19/2013,03:15:00,08,2013,720,4.5,11.85,2.35,0.00,0.00,14.20,Credit Card,19.8312,1
8b0733b265b5e60d51618fa6ce8657ea2bbce538,12/04/2013,10:15:00,12,2013,1140,11,24.25,5.25,0.00,2.00,31.50,Credit Card,21.6494,1
8b07341d4504bccf9aa55744dd50296fbfef6843,06/19/2013,03:15:00,06,2013,480,1.9,7.45,2.00,0.00,0.00,9.45,Credit Card,26.8456,1
8b073457e22b9d0737fbd864f827ae6f297257ac,03/04/2013,09:00:00,03,2013,1320,3.5,13.45,3.00,0.00,0.00,16.45,Credit Card,22.3048,1
8b0734e458b37d55414176636582c1ed3f938afd,09/27/2013,08:30:00,09,2013,240,0.8,5.25,1.00,0.00,0.00,6.25,Credit Card,19.0476,1
8b0734f73577948e47540d616e8e48cd2408e1c0,07/11/2013,11:15:00,07,2013,420,0.12,6.45,1.00,0.00,0.00,7.45,Credit Card,15.5038,1
8b073d2f041b303f60ed0650a3b1b4f7ada692ea,09/15/2013,11:30:00,09,2013,1740,0,36.05,5.00,0.00,4.00,45.05,Credit Card,13.8696,1
8b073d9948a4b5a7d26517001f2e7545299d148e,09/25/2013,10:30:00,09,2013,1440,0,23.45,5.05,0.00,2.00,30.50,Credit Card,21.5351,1
8b073f7fd75d3eedb62adbbb741fe47ce760d032,04/18/2013,03:15:00,04,2013,1620,14.9,30.65,5.00,0.00,6.00,41.65,Credit Card,16.3132,1
8b073fe87f46b8a794f47db33902183e76e75949,11/16/2013,05:30:00,11,2013,840,0.1,10.45,2.00,0.00,1.00,13.45,Credit Card,19.1387,1
8b0742491951654518f0ca7210a3195bf89eba0f,10/24/2013,10:45:00,10,2013,1920,18.5,37.25,9.80,0.00,2.00,49.05,Credit Card,26.3087,1
8b0745341696240856b2a9dd456f8696dfa63062,02/15/2013,12:45:00,02,2013,1260,9.2,21.65,5.90,0.00,2.00,29.55,Credit Card,27.2517,1
8b0745607069c17a2931b53d7cc489c27a7b7934,11/14/2013,04:15:00,11,2013,1260,8.2,19.45,4.86,0.00,0.00,24.31,Credit Card,24.9871,1
8b0748b462a26edc2a319ef0e7c96f72f702e1a3,12/11/2013,05:30:00,12,2013,2040,0.64,20.25,4.05,0.00,0.00,24.30,Credit Card,20.0000,1
8b07492e482ff5219723094f410ff11e82cf2149,11/13/2013,06:15:00,11,2013,1020,0,9.45,5.00,0.00,2.00,16.45,Credit Card,52.9100,1
8b074a6055d25bb26abff6cadf6df7b3e94da795,11/14/2013,08:15:00,11,2013,240,0,5.45,1.50,0.00,0.00,6.95,Credit Card,27.5229,1
8b074c4eb81c0e6847683feddde9fdfb190b3943,03/10/2013,03:45:00,03,2013,840,5.3,14.25,1.00,0.00,1.50,16.75,Credit Card,7.0175,1
8b074e89be1282069d44cb828c0aad5295832705,04/21/2013,03:45:00,04,2013,240,0,6.05,2.00,0.00,0.00,8.05,Credit Card,33.0578,1
8b074feb80ff3da8156d08853f9e0eb49295b13a,04/14/2013,02:30:00,04,2013,600,0,9.85,1.00,0.00,0.00,10.85,Credit Card,10.1522,1
8b0750d84861897524403901adc5be21b13703d3,08/17/2013,02:15:00,08,2013,720,0,10.45,2.35,0.00,1.50,14.30,Credit Card,22.4880,1
8b0751714f718949ebddee48c68c12415b63b062,04/02/2013,09:00:00,04,2013,1140,0,18.25,2.00,0.00,0.00,20.25,Credit Card,10.9589,1
8b07555694068a69a5323d071fe2f6d1e8b87d4e,10/21/2013,05:45:00,10,2013,60,0,3.25,2.00,0.00,9.50,14.75,Credit Card,61.5384,1
8b0755d01b56ba82a95a0796bad2f93776c288e3,10/19/2013,10:00:00,10,2013,180,0,4.45,1.00,0.00,1.00,6.45,Credit Card,22.4719,1
8b0756a72a9b5552e42dd79fa78f61790d1dd540,06/10/2013,11:00:00,06,2013,300,0,5.65,3.00,0.00,1.00,9.65,Credit Card,53.0973,1
8b075de087db32265ee990a2782fa3aabdd53fa5,06/02/2013,11:45:00,06,2013,120,0,4.25,2.05,0.00,2.00,8.30,Credit Card,48.2352,1
8b076222cf4fc039907e68f5f149d6e0dbfedb93,08/15/2013,02:15:00,08,2013,540,1.7,7.25,2.00,0.00,0.00,9.25,Credit Card,27.5862,1
8b0763ebfd0cb5e17f485947ca05a93795d44961,11/25/2013,03:00:00,11,2013,480,1.1,6.25,2.00,0.00,0.00,8.25,Credit Card,32.0000,1
8b0767bda3b53d4e24ef922b3f13ba64fd7830fb,12/18/2013,12:45:00,12,2013,660,0.16,8.05,2.00,0.00,0.00,10.05,Credit Card,24.8447,1
8b076a8af3c64b7d7ece2c1a55088cb7f6a76e62,05/08/2013,12:00:00,05,2013,780,0,11.25,33.33,0.00,0.00,44.58,Credit Card,296.2666,1
8b076b31e71de49a200e3fd173d676268bc2fdcd,06/11/2013,01:00:00,06,2013,1140,1,33.25,5.00,0.00,2.00,40.25,Credit Card,15.0375,1
8b076d5c68f083505e02495f55e0cb6761302b0f,07/26/2013,09:00:00,07,2013,360,0.9,5.65,2.00,0.00,1.00,8.65,Credit Card,35.3982,1
8b076f1494bda5c2ef28ae29e0f2e532454d8f65,12/09/2013,01:15:00,12,2013,300,0.07,5.25,2.00,0.00,1.50,8.75,Credit Card,38.0952,1
8b076f248f82eecfacf272d9cd824c0f358d12c0,11/07/2013,08:15:00,11,2013,1200,1.22,26.05,5.61,0.00,2.00,33.66,Credit Card,21.5355,1
8b077166f2030a39f08782d3a6bb9a8f5ccf7da7,09/25/2013,11:00:00,09,2013,300,0.15,6.45,3.00,0.00,0.00,9.45,Credit Card,46.5116,1
8b077bfedf8dbe993fa31b55cd40d76f81724942,03/26/2013,01:00:00,03,2013,780,0,10.85,3.00,0.00,0.50,14.35,Credit Card,27.6497,1
8b077f15c8cc52be8586b3d29ef4dc941e82abc0,12/24/2013,11:00:00,12,2013,420,0.06,5.65,2.00,0.00,2.50,10.15,Credit Card,35.3982,1
8b077fd20b0fb664813e9b4f476bd5a981ff6fe1,11/22/2013,09:45:00,11,2013,180,0,4.85,1.00,0.00,1.00,6.85,Credit Card,20.6185,1
8b0780a2ea8da5265ec5954f2dd60bf04d8cd499,03/04/2013,05:15:00,03,2013,600,0.1,7.65,2.00,0.00,0.00,9.65,Credit Card,26.1437,1
8b07890fb04c30df8530049e88a874865ea4b111,03/22/2013,10:30:00,03,2013,480,0,6.25,5.00,0.00,1.00,12.25,Credit Card,80.0000,1
8b078b8032df2a210a4ec729221f8f79d539de22,09/29/2013,10:30:00,09,2013,2700,18.6,39.25,8.45,0.00,3.00,50.70,Credit Card,21.5286,1
8b078e93d688a46c16784d15db8e8425ff66d4c2,09/22/2013,01:30:00,09,2013,480,0,6.25,2.00,0.00,1.00,9.25,Credit Card,32.0000,1
8b078ea3d426ab5ff5dc18b2e53c8541fb2bb1f7,01/27/2013,01:15:00,01,2013,300,0.5,4.84,2.00,0.00,1.00,7.84,Credit Card,41.3223,1
8b07911b9be55cca4c268fb262e19b4c1cb06d73,08/19/2013,06:15:00,08,2013,1560,15.9,33.05,7.00,0.00,2.00,42.05,Credit Card,21.1800,1
8b07a289cb7eb9acdc75875a475a1ee5e0ddc1ac,12/19/2013,03:00:00,12,2013,720,0,12.85,3.00,0.00,1.00,16.85,Credit Card,23.3463,1
8b07aa72c373466602b949782e18e8ec03b9b9e9,04/16/2013,10:45:00,04,2013,0,0,3.75,2.00,0.00,0.00,5.75,Unknown,53.3333,1
8b07ae124bb6c59121ad3926ee86db050a146908,01/11/2013,12:15:00,01,2013,1620,12.7,28.25,6.05,0.00,2.00,36.30,Credit Card,21.4159,1
8b07ae9b4fc8810024502d157bc9fcf646c25a5a,02/25/2013,03:15:00,02,2013,1020,0,11.65,2.00,0.00,0.00,13.65,Credit Card,17.1673,1
8b07af2be3a68f96a1b0e6cbc6f7a761bc5cf018,07/26/2013,06:30:00,07,2013,1800,0,18.05,4.50,0.00,0.00,22.55,Credit Card,24.9307,1
8b07afdb32788717e4f37dde76935c75a4606a3a,12/27/2013,09:30:00,12,2013,240,0.7,5.05,1.00,0.00,2.00,8.05,Credit Card,19.8019,1
8b07b398c8530d7ae7c3a0782ae549480885eac8,10/01/2013,10:15:00,10,2013,720,1.5,8.25,2.00,0.00,0.00,10.25,Credit Card,24.2424,1
8b07b7239e16418acd60896c50e5d7c00d42260d,06/10/2013,11:00:00,06,2013,1380,1.25,27.05,5.81,0.00,2.00,34.86,Credit Card,21.4787,1
8b07bb862648ab8949dfee948977a4f6cee31e41,07/23/2013,06:00:00,07,2013,4080,17.3,40.04,10.51,0.00,2.00,52.55,Credit Card,26.2487,1
8b07bc2b011d6dbfd34c3825dce5d83e6bda463e,09/29/2013,09:00:00,09,2013,360,0.9,5.65,2.35,0.00,0.00,8.00,Credit Card,41.5929,1
8b07bcb3c86c6c79bdb66c75d0216a741518bfc8,06/17/2013,05:30:00,06,2013,960,2.2,10.05,2.00,0.00,0.00,12.05,Credit Card,19.9004,1
8b07c03850693a9f2876fa28f1d6ba4d83621847,02/01/2013,07:15:00,02,2013,1200,3.5,12.25,2.65,0.00,1.00,15.90,Credit Card,21.6326,1
8b07c236c0ba8acb516b38a644d7ba42bd442b6f,09/30/2013,06:30:00,09,2013,240,0,5.65,2.00,0.00,1.00,8.65,Credit Card,35.3982,1
8b07c72679118bcbc73a138684b083efee096424,05/28/2013,06:45:00,05,2013,4080,0,40.25,2.00,0.00,3.00,45.25,Credit Card,4.9689,1
8b07c90018f9e5f33983cce70e2e3854e181cbc3,11/15/2013,11:15:00,11,2013,360,1,5.85,2.00,0.00,0.00,7.85,Credit Card,34.1880,1
8b07c9d7c734645b4afa2538f4d88be8f95b07d5,07/03/2013,06:30:00,07,2013,1920,0,22.85,4.00,0.00,0.00,26.85,Credit Card,17.5054,1
8b07cad17db6480e23b63ec5b88a29abd93a15e1,12/05/2013,09:15:00,12,2013,360,1,5.85,2.00,0.00,1.00,8.85,Credit Card,34.1880,1
8b07cade18f6a0b510667822c90254f4847448f5,02/07/2013,07:45:00,02,2013,300,0.7,5.05,0.95,0.00,0.00,6.00,Credit Card,18.8118,1
8b07cb304739c2ceb01aa9639b154f9d64c623cb,02/16/2013,10:30:00,02,2013,1200,4.4,13.65,3.65,0.00,1.00,18.30,Credit Card,26.7399,1
8b07cb67d282b2ed04026a15fdc3501cc8dde097,04/19/2013,07:30:00,04,2013,780,5.1,13.45,2.00,0.00,1.00,16.45,Credit Card,14.8698,1
8b07cb81b8287e4d53a94041f262ceed4cc4584e,09/14/2013,11:00:00,09,2013,600,1.7,8.05,1.00,0.00,1.50,10.55,Credit Card,12.4223,1
8b07d2785bc50d13addc23c90fde4252a299c24f,08/31/2013,12:30:00,08,2013,300,0,5.85,1.00,0.00,1.50,8.35,Credit Card,17.0940,1
8b07d761c6f4c54a148653b3a72d471728ecd9ad,10/16/2013,04:45:00,10,2013,360,0,6.85,2.00,0.00,1.50,10.35,Credit Card,29.1970,1
8b07daa77d09fc6f85cba714d7ac8131d7bfa413,01/02/2013,07:45:00,01,2013,1440,17.4,35.45,9.36,0.00,2.00,46.81,Credit Card,26.4033,1
8b07db8a2ac9e2ccf1e700d902f85fac4a243ce2,02/02/2013,11:45:00,02,2013,360,0,6.25,3.00,0.00,1.00,10.25,Credit Card,48.0000,1
8b07e72c3ee42815f12d3d4adf0c12d6d2b164d8,07/25/2013,03:30:00,07,2013,900,5.5,14.45,3.00,0.00,0.00,17.45,Credit Card,20.7612,1
8b07e8361f789419ed891c1323f5128e3ebf8bde,08/20/2013,07:45:00,08,2013,600,0.15,7.45,2.00,0.00,0.00,9.45,Credit Card,26.8456,1
8b07ea526651a7340bbb64e0dba2d7dd24b73643,09/28/2013,03:30:00,09,2013,960,2.7,10.85,2.00,0.00,0.00,12.85,Credit Card,18.4331,1
8b07eceaf45e2c50ab74172afead680f234d99c6,07/05/2013,02:30:00,07,2013,960,0.3,13.85,8.00,0.00,3.00,24.85,Credit Card,57.7617,1
8b07f032ee521d6ecc125f6dfd96759b1ee4339b,08/23/2013,01:00:00,08,2013,480,0,6.25,4.00,0.00,0.00,10.25,Credit Card,64.0000,1
8b07f3c3ae9a29b37d050a7a8273424b8d6209bf,06/24/2013,10:45:00,06,2013,1680,0,28.05,3.00,0.00,2.00,33.05,Credit Card,10.6951,1
8b07f3eff69e0162d81297e448c1dbdb3fae8193,11/24/2013,10:45:00,11,2013,1800,19,38.25,8.05,0.00,2.00,48.30,Credit Card,21.0457,1
8b07f56e8ab6dc865a1c00f113fa010366fe3c7b,08/17/2013,09:15:00,08,2013,540,0.24,8.45,1.25,0.00,0.00,9.70,Credit Card,14.7928,1
8b07f957fa932b6b87bea5186f0588c1a3c9ee91,12/04/2013,04:30:00,12,2013,3540,17.5,37.65,7.93,0.00,2.00,47.58,Credit Card,21.0624,1
8b07fa767905ae7e62094d01e40c78a5ed1e926b,11/06/2013,07:15:00,11,2013,480,1.4,6.85,2.00,0.00,0.00,8.85,Credit Card,29.1970,1
8b080875b522cb2ed8b9b198319e7095bdc11409,11/21/2013,12:15:00,11,2013,360,1.6,6.65,2.00,0.00,0.00,8.65,Credit Card,30.0751,1
8b0808f8bf1fe2bb317178a9405d4728fde8f5db,05/08/2013,08:15:00,05,2013,1020,5,14.25,3.05,0.00,1.00,18.30,Credit Card,21.4035,1
8b080e8cc6fa910ee44eb600930aa398b9bac2bf,12/05/2013,10:45:00,12,2013,900,0,18.85,3.95,0.00,1.00,23.80,Credit Card,20.9549,1
8b08118e58ae158fba9de25867d6f8467ff16c99,12/18/2013,08:30:00,12,2013,780,2.2,9.44,2.00,0.00,0.00,11.44,Credit Card,21.1864,1
8b0813b16990ec92712cc6ba852ff38f32e80a7b,09/07/2013,11:00:00,09,2013,1140,0.44,12.85,4.16,0.00,1.00,18.01,Credit Card,32.3735,1
8b0817f9aa89387335d8ea88d392af34cc8b8029,05/07/2013,06:00:00,05,2013,1800,121,27.85,4.00,0.00,2.00,33.85,Credit Card,14.3626,1
8b082299810db67f70b2ba810528283fbb6753eb,12/20/2013,09:45:00,12,2013,540,1.7,7.05,3.00,0.00,0.00,10.05,Credit Card,42.5531,1
8b083543745334fdad8efa42397e8509e3f27ba8,11/14/2013,07:30:00,11,2013,420,0,6.85,3.00,0.00,0.00,9.85,Credit Card,43.7956,1
8b08361dadf80739d5a9a9ed2473c7dd7600da73,10/03/2013,03:00:00,10,2013,2040,13.5,30.05,6.80,0.00,4.00,40.85,Credit Card,22.6289,1
8b0838c982c2c61b6f400a10f33e5c8efa4e9646,08/02/2013,03:45:00,08,2013,360,1,5.65,2.00,0.00,3.00,10.65,Credit Card,35.3982,1
8b083a0680e9e0b762a89b7c9fa0e5f20802791e,05/25/2013,07:00:00,05,2013,1320,0.3,16.85,4.45,0.00,1.00,22.30,Credit Card,26.4094,1
8b083a9016b86371265e75e01da1c3725ee0e556,05/30/2013,08:45:00,05,2013,840,0.1,8.85,2.05,0.00,1.50,12.40,Credit Card,23.1638,1
8b083b73664fc1ecb0b76c6582a73152eb7bc9dd,09/12/2013,04:30:00,09,2013,240,0,5.45,1.00,0.00,0.00,6.45,Credit Card,18.3486,1
8b083d1ecffc5935029ab7f6ec27499a8403b969,04/24/2013,09:00:00,04,2013,2280,0,24.65,5.30,0.00,2.00,31.95,Credit Card,21.5010,1
8b083db5b00ac5f458e207b44382dbe9261c21cc,01/27/2013,12:15:00,01,2013,480,2.2,7.65,2.00,0.00,0.00,9.65,Credit Card,26.1437,1
8b083dc0498a07b033ea41ca51d00ae4bd9a3701,07/08/2013,12:00:00,07,2013,1740,17.5,35.25,7.45,0.00,2.00,44.70,Credit Card,21.1347,1
8b083dc1b9d9ef90caac7c02f81658e45c754990,11/25/2013,12:30:00,11,2013,420,0,6.45,3.00,0.00,0.00,9.45,Credit Card,46.5116,1
8b083e86c77b207ea6f5a92e5788c1ad41585016,05/31/2013,06:15:00,05,2013,1200,2.6,11.25,2.00,0.00,1.00,14.25,Credit Card,17.7777,1
8b08421cfef976d04f5bf4ed6291e8b22b686c2a,12/03/2013,02:00:00,12,2013,780,5.4,14.05,2.00,0.00,0.00,16.05,Credit Card,14.2348,1
8b084a27578b1266536deba44756efd44f3d1091,06/27/2013,01:15:00,06,2013,780,0,7.65,2.00,0.00,0.00,9.65,Credit Card,26.1437,1
8b084e914eacff5a32a2087199dd1d4825936312,12/17/2013,02:45:00,12,2013,420,1,6.25,1.50,0.00,1.50,9.25,Credit Card,24.0000,1
8b084f5b8c6c56718d152871e5a3e0d5a7df5b9a,05/09/2013,04:45:00,05,2013,3300,0,34.65,5.00,0.00,2.00,41.65,Credit Card,14.4300,1
8b0850db5370a497f79a6d1590a59c3818987729,08/31/2013,01:15:00,08,2013,2940,0,37.45,5.00,0.00,3.00,45.45,Credit Card,13.3511,1
8b08521456b1d388962d89a614ecb6373130ab9a,03/23/2013,05:00:00,03,2013,2220,0,38.25,8.25,0.00,3.00,49.50,Credit Card,21.5686,1
8b0857202ab9c58b55ca6445948e1b5e19fb0a1b,12/14/2013,08:00:00,12,2013,600,2.1,8.05,2.00,0.00,0.00,10.05,Credit Card,24.8447,1
8b08575ada5d5be9e40d04972fcbdf393a70f8aa,05/26/2013,01:15:00,05,2013,300,1.2,5.85,3.00,0.00,0.00,8.85,Credit Card,51.2820,1
8b085764f33b614db3236fec0689983ebb56c49f,05/27/2013,02:45:00,05,2013,660,2.3,8.25,3.00,0.00,1.00,12.25,Credit Card,36.3636,1
8b085b989a057723cabfcdbe93a7854c66b1cd3a,03/01/2013,06:15:00,03,2013,900,0,9.45,4.00,0.00,0.00,13.45,Credit Card,42.3280,1
8b0860ca603d13aa15e51d0041dee609d1589f76,09/17/2013,04:15:00,09,2013,1560,0,27.45,7.60,0.00,3.00,38.05,Credit Card,27.6867,1
8b08692c48069690f321f8d2f040926a1d2558f5,10/30/2013,06:15:00,10,2013,540,10,6.45,1.25,0.00,0.00,7.70,Credit Card,19.3798,1
8b086954fb7273a9290b624e334ea60d87db4b8c,07/28/2013,12:45:00,07,2013,780,5.7,14.05,3.10,0.00,1.50,18.65,Credit Card,22.0640,1
8b086de46c4f06f174088393b6baa6efb2374290,07/26/2013,05:30:00,07,2013,960,0,9.65,2.00,0.00,0.00,11.65,Credit Card,20.7253,1
8b0873db3a2a9c384b49bd61768e5bc42d420601,10/20/2013,06:15:00,10,2013,480,0,7.05,2.00,0.00,0.00,9.05,Credit Card,28.3687,1
8b08741574747623f78cf88591b0b7924126c57a,12/17/2013,04:30:00,12,2013,420,0.9,6.05,1.00,0.00,0.00,7.05,Credit Card,16.5289,1
8b087935a7998c16eb49cb0cf265ff704757c437,07/24/2013,11:30:00,07,2013,480,0,6.65,2.00,0.00,0.00,8.65,Credit Card,30.0751,1
8b087977f65f039a129379ee42edd1f61cd1dbc7,10/20/2013,11:30:00,10,2013,1200,17.2,34.45,1.82,0.00,2.00,38.27,Credit Card,5.2830,1
8b088246a7289b67a2696cf75296c7b2d3b94e93,02/17/2013,02:45:00,02,2013,2640,17.3,36.85,7.97,0.00,3.00,47.82,Credit Card,21.6282,1
8b0883d16c0c942734d63334b18c05ae5962bc36,10/20/2013,08:00:00,10,2013,180,0.3,4.25,1.75,0.00,1.00,7.00,Credit Card,41.1764,1
8b0886bb0635dd216290bae750275751284cd5c8,11/23/2013,10:45:00,11,2013,480,2.5,8.65,2.00,0.00,1.00,11.65,Credit Card,23.1213,1
8b088721db443c58ad9cab33ba69a9c1ed7cc87a,10/10/2013,12:45:00,10,2013,300,0,5.65,1.00,0.00,0.00,6.65,Credit Card,17.6991,1
8b08877a053dd8f4adfd4e9b89d4c48018beac56,01/30/2013,08:15:00,01,2013,900,0.2,10.85,2.15,0.00,0.00,13.00,Credit Card,19.8156,1
8b088b2b1e954c47d4b5ead0d6360670040926a0,10/17/2013,10:00:00,10,2013,420,0,8.45,3.00,0.00,0.00,11.45,Credit Card,35.5029,1
8b0890784b43a468ef82d6758ab82e3d68e4dfd7,04/17/2013,06:15:00,04,2013,900,0,9.05,2.00,0.00,0.00,11.05,Credit Card,22.0994,1
8b0891dff4361353aaaabd7e19a7ff248b648698,07/25/2013,08:45:00,07,2013,840,0,13.65,3.40,0.00,0.00,17.05,Credit Card,24.9084,1
8b0894c1f12bf101dd92cce5c0328caa3f223d57,12/31/2013,08:00:00,12,2013,1800,6,17.05,5.10,0.00,0.00,22.15,Credit Card,29.9120,1
8b0895dca3441197ef3bd8f712b5112097e2566c,02/03/2013,01:30:00,02,2013,660,0,8.85,2.00,0.00,0.00,10.85,Credit Card,22.5988,1
8b0896870d54d6e7c6fcf4f09c0d5090aa730dae,04/10/2013,04:30:00,04,2013,660,1.9,8.25,1.00,0.00,0.00,9.25,Credit Card,12.1212,1
8b089770f30660cab5f350b4153084cd4347e9fc,12/02/2013,08:00:00,12,2013,3900,17.7,39.65,2.00,0.00,2.00,43.65,Credit Card,5.0441,1
8b089906b894a42eec22a5cf22187416c120096c,11/21/2013,07:30:00,11,2013,1020,0,10.45,2.85,0.00,1.00,14.30,Credit Card,27.2727,1
8b089966ad3dd6f65245302a08c7332f629a6825,05/05/2013,09:30:00,05,2013,1440,18.4,36.65,7.73,0.00,2.00,46.38,Credit Card,21.0914,1
8b089b848057e2cb1dcf224aa7f6fd085def88e4,09/13/2013,11:15:00,09,2013,240,0.07,4.85,2.00,0.00,1.50,8.35,Credit Card,41.2371,1
8b089c09caa2aee736981958af1ef0b984b2e077,08/05/2013,10:15:00,08,2013,1860,0,34.05,7.40,0.00,3.00,44.45,Credit Card,21.7327,1
8b089d824390c30f11d01d2cb011e2d3083011b5,09/20/2013,06:00:00,09,2013,1080,3.7,12.05,2.00,0.00,1.00,15.05,Credit Card,16.5975,1
8b089e90d7f1dae10345373672d5caf18b0089ce,08/21/2013,06:30:00,08,2013,1560,4.6,15.05,4.01,0.00,1.00,20.06,Credit Card,26.6445,1
8b08a0405bb85dbc4691a896cdbd70456508b989,05/01/2013,07:00:00,05,2013,1200,6,14.85,4.45,0.00,0.00,19.30,Credit Card,29.9663,1
8b08a3f64e00c69ccb2abfe3d17e036f6435066d,12/04/2013,01:45:00,12,2013,420,0,5.85,2.00,0.00,0.00,7.85,Credit Card,34.1880,1
8b08a4cd3eb1843082c9f1ae781f4381299c6cde,08/04/2013,01:15:00,08,2013,660,0,7.25,2.00,0.00,1.00,10.25,Credit Card,27.5862,1
8b08a7705beb96ed61f14bd4c202592c3c7292db,02/01/2013,02:45:00,02,2013,360,0.8,5.65,2.00,0.00,0.00,7.65,Credit Card,35.3982,1
8b08a8d8f50c36b1b97ea304fe8acb819ddb079b,10/18/2013,11:00:00,10,2013,780,2.4,9.25,2.00,0.00,0.00,11.25,Credit Card,21.6216,1
8b08a9c62cb1c81b0f93977ac877906e9e380906,06/18/2013,07:15:00,06,2013,0,0,3.25,3.45,0.00,14.00,20.70,Credit Card,106.1538,1
8b08aa167b7449083bffaea07cf14b9e45cb148a,12/26/2013,09:00:00,12,2013,660,1.87,8.05,2.00,0.00,0.00,10.05,Credit Card,24.8447,1
8b08aa8606f45a30ebb9d0e30ded10c3f5717daa,11/11/2013,04:30:00,11,2013,600,0,6.85,2.00,0.00,1.00,9.85,Credit Card,29.1970,1
8b08aab6b94ef671f5a8f4f0692a0157e99982ce,04/30/2013,12:45:00,04,2013,540,3.3,9.44,3.00,0.00,0.00,12.44,Credit Card,31.7796,1
8b08ace791572265e69e093ff388c603c32342ef,01/30/2013,09:45:00,01,2013,780,1.9,8.85,2.00,0.00,0.00,10.85,Credit Card,22.5988,1
8b08ad662d5204f675fffc2113f1cf589e31c884,06/11/2013,08:00:00,06,2013,360,0,7.05,3.00,0.00,2.00,12.05,Credit Card,42.5531,1
8b08adcefeb8205ac38ab945c55c6081b00f0347,06/28/2013,02:30:00,06,2013,600,0,7.65,1.00,0.00,0.00,8.65,Credit Card,13.0718,1
8b08af8ffd67173b57f590e1e40e2364bc314a8f,03/14/2013,07:30:00,03,2013,1920,7.1,20.25,2.00,0.00,0.00,22.25,Credit Card,9.8765,1
8b08b8cda4c7c0aa9dacde3b523e7f9b55b14778,01/14/2013,08:00:00,01,2013,1080,11,23.85,5.17,0.00,2.00,31.02,Credit Card,21.6771,1
8b08be997f9b84e69ce796ca65aab884ac115932,01/20/2013,12:45:00,01,2013,240,0,5.25,2.00,0.00,1.00,8.25,Credit Card,38.0952,1
8b08c46e5fa43b6e3828605eb31c43bb1a144d6d,08/09/2013,01:45:00,08,2013,480,0.1,7.65,4.00,0.00,0.00,11.65,Credit Card,52.2875,1
8b08c63837e3081d7064916e4dc097ae2fb10d42,08/08/2013,08:45:00,08,2013,1080,0,16.85,3.35,0.00,0.00,20.20,Credit Card,19.8813,1
8b08c63bf90af73ec65b654f743163b3fadd2833,09/14/2013,02:00:00,09,2013,1020,0,15.65,3.30,0.00,1.00,19.95,Credit Card,21.0862,1
8b08cbc6d38eb368612d85a95f59a96305d188b5,11/12/2013,12:30:00,11,2013,480,1.2,6.85,2.00,0.00,0.00,8.85,Credit Card,29.1970,1
8b08ccb503c658dfe19943dbe517fede23b3a4e4,05/11/2013,01:30:00,05,2013,660,2.4,8.85,2.00,0.00,1.00,11.85,Credit Card,22.5988,1
8b08ce44fa4e5734e4d02b3e64be6ce472f69f57,07/20/2013,01:15:00,07,2013,480,4.7,11.85,3.00,0.00,0.00,14.85,Credit Card,25.3164,1
8b08cef374f1bfb47b6bc64bce323dd0609512f4,05/30/2013,07:15:00,05,2013,540,1.7,7.85,2.00,0.00,0.00,9.85,Credit Card,25.4777,1
8b08d9929b7ae34e5f1e402deaef4ea50bd2d637,03/16/2013,06:45:00,03,2013,120,0.3,4.05,2.00,0.00,1.00,7.05,Credit Card,49.3827,1
8b08dac807198e2587292b18a6f6110f00ab6c75,08/07/2013,11:15:00,08,2013,720,0,12.05,3.25,0.00,1.00,16.30,Credit Card,26.9709,1
8b08dd07367cc03830ffba4c411c2f68f1856184,05/30/2013,08:45:00,05,2013,360,0,5.65,2.00,0.00,0.00,7.65,Credit Card,35.3982,1
8b08df68e37fe0ef297f0d3f8873e95229995467,09/24/2013,08:45:00,09,2013,2100,0.9,33.45,5.00,0.00,2.00,40.45,Credit Card,14.9476,1
8b08e70e1a338bde79ff6ec3109ca1673b483657,08/05/2013,12:00:00,08,2013,1200,7.7,19.45,5.11,0.00,1.00,25.56,Credit Card,26.2724,1
8b08e7f51d205f3917ae299621b1e640087dd00b,10/14/2013,04:30:00,10,2013,1380,1.78,35.65,5.65,0.00,2.00,43.30,Credit Card,15.8485,1
8b08ea3f2e026bc91fbde1d95d1eff44286e4d62,09/29/2013,04:30:00,09,2013,240,5,4.65,2.00,0.00,1.00,7.65,Credit Card,43.0107,1
8b08ebefc11ce30d0adfce8616e3bb7ec407d35b,08/19/2013,07:45:00,08,2013,240,0,5.05,2.00,0.00,0.00,7.05,Credit Card,39.6039,1
8b08efcb47be4d184b469a66fe62fa87e3707db6,10/29/2013,06:30:00,10,2013,240,0,6.45,0.55,0.00,0.00,7.00,Credit Card,8.5271,1
8b08f4962b0700f6c5828035dab620c0566f6ea5,11/16/2013,03:00:00,11,2013,300,0,5.05,2.00,0.00,2.00,9.05,Credit Card,39.6039,1
8b08f7fca60dc1c3f5ddfd9fbf8c286678594bd8,10/28/2013,07:15:00,10,2013,420,0.18,7.05,4.00,0.00,0.00,11.05,Credit Card,56.7375,1
8b08f8fe50250c5196d102c65ee93124f7e73ca5,04/11/2013,06:15:00,04,2013,1200,0,11.05,1.50,0.00,1.00,13.55,Credit Card,13.5746,1
8b08fbfbddf31fb819753162ec836d180ec708de,11/22/2013,09:30:00,11,2013,480,1.4,6.85,2.00,0.00,0.00,8.85,Credit Card,29.1970,1
8b08fc75e45897590f409bb5044328f09c67a69c,12/20/2013,02:15:00,12,2013,780,1.5,8.44,1.00,0.00,1.00,10.44,Credit Card,11.8483,1
8b09028a5e9e40b3b64c9d402f8d66142ef5da15,04/19/2013,07:00:00,04,2013,660,0.6,7.65,2.00,0.00,1.00,10.65,Credit Card,26.1437,1
8b0903eaae8b28abb34c209a979dd54751bebc6e,12/30/2013,02:15:00,12,2013,360,1.4,6.85,2.00,0.00,0.00,8.85,Credit Card,29.1970,1
8b0905067525934a1dedda532a9f21d23c7eee03,11/04/2013,10:00:00,11,2013,360,13,6.45,1.00,0.00,0.00,7.45,Credit Card,15.5038,1
8b0908f29a06b37368215e45c619c0f7d0168bae,11/30/2013,12:15:00,11,2013,840,4.2,12.45,2.45,0.00,0.00,14.90,Credit Card,19.6787,1
8b090b3c1782dd9a77286a11e1be5d62acb3ea74,11/19/2013,11:45:00,11,2013,2460,9.1,27.05,3.00,0.00,2.00,32.05,Credit Card,11.0905,1
8b090c559e369e696835964fa789467958a8fd99,05/31/2013,08:45:00,05,2013,300,0,5.45,5.00,0.00,0.00,10.45,Credit Card,91.7431,1
8b090c7475dfd97f9d8afda064906e063527c8b6,10/01/2013,08:30:00,10,2013,540,0,6.45,1.00,0.00,0.00,7.45,Credit Card,15.5038,1
8b090e94ad12bac526d4ac7aae158fad4495dedf,01/18/2013,02:45:00,01,2013,480,17,7.45,2.00,0.00,1.00,10.45,Credit Card,26.8456,1
8b0915ca1abacc5d940a988e18da78c60adc849a,04/10/2013,08:30:00,04,2013,480,1,6.25,3.00,0.00,0.00,9.25,Credit Card,48.0000,1
8b091a3f633862e3132ec3c47dfe9d9d0b0e3d7d,08/01/2013,05:15:00,08,2013,3960,0,41.25,8.85,0.00,3.00,53.10,Credit Card,21.4545,1
8b091a770d8678b3938ffac93aad5b8b05cf4c7d,05/02/2013,07:00:00,05,2013,300,0.7,5.05,1.00,0.00,2.00,8.05,Credit Card,19.8019,1
8b091ab43be61e52670e1eae6381e12735f8984b,08/13/2013,02:30:00,08,2013,1980,17.5,35.65,9.66,0.00,3.00,48.31,Credit Card,27.0967,1
8b092085dd01773ce518f06e0bd4d7af7497abc2,08/05/2013,07:30:00,08,2013,840,0.3,14.25,2.85,0.00,0.00,17.10,Credit Card,20.0000,1
8b09237fb034d89a038dca1a5fd178ab9908226c,08/22/2013,09:00:00,08,2013,660,0,8.25,3.00,0.00,0.00,11.25,Credit Card,36.3636,1
8b092c28b6dadd212c5602f023cbb78114b9eef0,12/29/2013,05:30:00,12,2013,0,0,3.25,2.00,0.00,5.00,10.25,Credit Card,61.5384,1
8b092cdfd78501b66c63eab4ca032ed4d5ea5299,09/17/2013,02:00:00,09,2013,2220,1.72,35.85,5.83,0.00,3.00,44.68,Credit Card,16.2622,1
8b092db3bde2ab60db602d9be3fdd2c9c2de18e9,10/25/2013,11:30:00,10,2013,480,1.2,6.65,1.00,0.00,0.00,7.65,Credit Card,15.0375,1
8b0936eac575112d6bb73f108815933875b445f8,05/23/2013,09:15:00,05,2013,660,2,7.85,2.00,0.00,0.00,9.85,Credit Card,25.4777,1
8b09370673f5e5aa9a712d96a65a7d0a5d709d4a,01/04/2013,06:15:00,01,2013,2460,16.6,35.65,7.53,0.00,2.00,45.18,Credit Card,21.1220,1
8b093c40b823b2a2ad74dc8b00be86a81eb35f97,06/28/2013,09:00:00,06,2013,960,0,16.65,3.00,0.00,0.00,19.65,Credit Card,18.0180,1
8b09386b8917782bb9b17dde03ad37d341672756,06/08/2013,12:00:00,06,2013,660,0,9.25,2.00,0.00,0.00,11.25,Credit Card,21.6216,1
8b093a81f6d8e1d416368bc6df4ad171bf7317cb,06/24/2013,06:45:00,06,2013,480,0.3,7.25,2.50,0.00,0.00,9.75,Credit Card,34.4827,1
8b093bc4680f0344c9b8ed44dc5034cf13667458,02/17/2013,11:15:00,02,2013,420,0,6.05,1.00,0.00,0.00,7.05,Credit Card,16.5289,1
8b093fda59452c07dfac5f20c7fba2b27e2809c8,10/24/2013,11:45:00,10,2013,900,5.7,14.45,2.00,0.00,0.00,16.45,Credit Card,13.8408,1
8b09412e055a7269ca51dd3169d944d1aecce341,05/26/2013,09:15:00,05,2013,1140,9.6,21.45,3.00,0.00,1.00,25.45,Credit Card,13.9860,1
8b0947907bba407dc01bc2ab86b4775844c59a2c,09/12/2013,12:15:00,09,2013,240,0,5.45,2.00,0.00,0.00,7.45,Credit Card,36.6972,1
8b0947cf2d7bc4e26e41d20c870c62380561f11c,03/08/2013,09:00:00,03,2013,780,0,13.05,2.00,0.00,0.00,15.05,Credit Card,15.3256,1
8b094ac84730688bb8783887f8745079dcdf4af8,06/23/2013,09:00:00,06,2013,540,0.1,9.25,2.00,0.00,0.00,11.25,Credit Card,21.6216,1
8b094d6d8ed6b70a4d9107f46b1f26bb6864685f,10/01/2013,08:15:00,10,2013,1200,0.34,12.25,2.45,0.00,0.00,14.70,Credit Card,20.0000,1
8b094edeaa0beb5a08952ddc6a50a64bd2adf5ed,09/26/2013,01:45:00,09,2013,2760,1.74,36.65,7.73,0.00,2.00,46.38,Credit Card,21.0914,1
8b094ef93660a90b8a42ce3c29c7de7ecf00f3d1,10/16/2013,11:15:00,10,2013,0,0,3.25,6.45,0.00,29.00,38.70,Credit Card,198.4615,1
8b0956bd3adcd65846f65e80d76a70e4f575e38c,04/18/2013,12:00:00,04,2013,660,0,13.25,3.30,0.00,0.00,16.55,Credit Card,24.9056,1
8b095c23409261d13e0720d6f4befc9807ddf4c7,10/22/2013,01:30:00,10,2013,1560,0,26.65,5.70,0.00,2.00,34.35,Credit Card,21.3883,1
8b095e32c571592d820409a75b21e919ce8f1514,09/11/2013,05:00:00,09,2013,1080,0,11.45,2.25,0.00,0.00,13.70,Credit Card,19.6506,1
8b0964fb83a3e3863c85f0915032c3c58186d587,04/26/2013,02:45:00,04,2013,660,0,9.65,2.10,0.00,1.00,12.75,Credit Card,21.7616,1
8b0975a40257047368a3a604724d6e1638d5091b,08/08/2013,07:15:00,08,2013,1680,0,34.25,7.25,0.00,2.00,43.50,Credit Card,21.1678,1
8b09761df2b97caf46e7f0afd3d4324e9dc806a5,11/08/2013,04:30:00,11,2013,540,0,7.85,3.00,0.00,0.00,10.85,Credit Card,38.2165,1
8b097c1e04384817676aba992b64b18313999bf1,10/31/2013,04:00:00,10,2013,960,1.9,9.45,3.00,0.00,0.00,12.45,Credit Card,31.7460,1
8b097c6c11ca89b431dba98610c56c4c3139083c,10/10/2013,08:00:00,10,2013,1140,5.4,14.45,3.29,0.00,2.00,19.74,Credit Card,22.7681,1
8b097cb5de96ded182da86aaf55205e85d5d8d8a,10/07/2013,03:00:00,10,2013,1740,1,34.85,7.35,0.00,2.00,44.20,Credit Card,21.0903,1
8b098213c3895824e6362208feb2b5fdbb7ed6db,12/06/2013,03:45:00,12,2013,420,0.13,6.45,2.00,0.00,0.00,8.45,Credit Card,31.0077,1
8b09850892c0203f8fbd9092ab70eb8b899fcda1,03/11/2013,07:30:00,03,2013,900,0,11.65,2.30,0.00,0.00,13.95,Credit Card,19.7424,1
8b09850d311c3d82087f61fba4f7f0df7a891085,07/10/2013,02:45:00,07,2013,360,1.1,6.45,2.00,0.00,0.00,8.45,Credit Card,31.0077,1
8b0987511ae7aae0129c21853643310c88ed3565,11/14/2013,06:45:00,11,2013,720,0,8.25,2.00,0.00,0.00,10.25,Credit Card,24.2424,1
8b098b2a2c4a7ec416ee5b652bd4c68af2bb02bf,06/12/2013,06:00:00,06,2013,960,2.5,10.05,2.00,0.00,1.00,13.05,Credit Card,19.9004,1
8b098c1911bb8a4fe4abe2fcefd00272cbc4d1aa,07/29/2013,06:00:00,07,2013,180,0.05,4.65,3.00,0.00,0.00,7.65,Credit Card,64.5161,1
8b098cbce4bde4191d06934d087900e83e3e2589,11/14/2013,10:45:00,11,2013,540,2.1,8.05,2.00,0.00,0.00,10.05,Credit Card,24.8447,1
8b0990075884694a787e1eb3be184b35e93c1aa1,11/18/2013,03:00:00,11,2013,780,1.6,8.05,3.00,0.00,1.00,12.05,Credit Card,37.2670,1
8b0992ae45192f0ea2353a2a24512057754589a9,09/17/2013,02:30:00,09,2013,1380,0,34.25,7.25,0.00,2.00,43.50,Credit Card,21.1678,1
8b09946238d63d2c2982645b73c699a1ec2cb431,12/14/2013,01:45:00,12,2013,120,0,4.25,2.00,0.00,2.50,8.75,Credit Card,47.0588,1
8b099662db96c37ec94f56b39699868b709c5619,11/21/2013,08:45:00,11,2013,1320,0.3,16.65,2.35,0.00,1.00,20.00,Credit Card,14.1141,1
8b099e29afb6e202baf3936a1e32ccefd8505aa5,10/14/2013,03:15:00,10,2013,480,43,11.45,2.00,0.00,0.00,13.45,Credit Card,17.4672,1
8b099fcf009781a99aa48c4a5e28e6c19330a232,07/27/2013,09:15:00,07,2013,1800,6.1,18.65,2.00,0.00,0.00,20.65,Credit Card,10.7238,1
8b099fef71ea551081b32d583ef022d617ddd97c,10/15/2013,08:30:00,10,2013,2040,12.2,26.00,4.35,0.00,3.00,33.35,Credit Card,16.7307,1
8b09a033ec5d69c704b21441eb36c87b68f10704,09/26/2013,05:00:00,09,2013,1020,2.5,10.65,3.00,0.00,0.00,13.65,Credit Card,28.1690,1
8b09a03e3e852824b7a9bca6100b2f8edb89af54,01/22/2013,10:30:00,01,2013,420,2.3,7.85,2.00,0.00,0.00,9.85,Credit Card,25.4777,1
8b09a3764bff0f67ef187b753577871c3cac6430,07/20/2013,02:00:00,07,2013,1140,6.5,16.64,3.83,0.00,2.50,22.97,Credit Card,23.0168,1
8b09a38a7e2f914fdf80237532261c68d8819a5f,07/02/2013,09:00:00,07,2013,720,0,9.65,3.00,0.00,0.00,12.65,Credit Card,31.0880,1
8b09a53055ee6c1ea1d1fdfddf0f72ef3fcf2e89,05/12/2013,12:30:00,05,2013,540,0,7.85,1.80,0.00,1.00,10.65,Credit Card,22.9299,1
8b09a8ee73bb8698a08c3e39c29ee7c55afaa2a0,12/24/2013,02:30:00,12,2013,2160,1,35.65,7.50,0.00,2.00,45.15,Credit Card,21.0378,1
8b09ab38e0e248fc79b7a6797289de08a1f5989d,03/18/2013,04:15:00,03,2013,3120,1.1,37.45,8.05,0.00,3.00,48.50,Credit Card,21.4953,1
8b09ad6461b3df86f515db708ae882cd9fe1b1cb,10/27/2013,06:30:00,10,2013,1980,0,35.05,7.40,0.00,2.00,44.45,Credit Card,21.1126,1
8b09af894d87a5787b48da9d12210863416d80b7,02/03/2013,03:15:00,02,2013,660,0.1,9.05,2.50,0.00,1.00,12.55,Credit Card,27.6243,1
8b09b3944bac4de74f6687b8f951477693c7b0c7,10/30/2013,10:45:00,10,2013,1260,1.58,32.25,6.85,0.00,2.00,41.10,Credit Card,21.2403,1
8b09b7fe0a44f4b0eddbbada2adc7ff16c3d3e8e,06/13/2013,01:15:00,06,2013,1200,0,14.85,4.75,0.00,1.00,20.60,Credit Card,31.9865,1
8b09b8f05a244cd330a58274331d86668db2a3a1,06/07/2013,06:30:00,06,2013,1320,5.4,15.85,3.17,0.00,0.00,19.02,Credit Card,20.0000,1
8b09bb28dd9c011fc83634703cdd7e8bab68e87c,10/28/2013,10:15:00,10,2013,840,0.4,17.05,3.40,0.00,0.00,20.45,Credit Card,19.9413,1
8b09bf8fc738e580de0e643bba9da584738ea815,05/19/2013,04:00:00,05,2013,300,0,7.25,2.00,0.00,1.00,10.25,Credit Card,27.5862,1
8b09c317b2fc07d9b7bb6f28471ebbfce7dfc843,09/22/2013,03:45:00,09,2013,2520,17.72,36.85,7.97,0.00,3.00,47.82,Credit Card,21.6282,1
8b09c3ccad75b932078a184b8aa1010efb3d309e,10/27/2013,03:45:00,10,2013,900,0,11.65,3.45,0.00,0.00,15.10,Credit Card,29.6137,1
8b09c643beba310a809e1fed22b082deb7b4b838,09/15/2013,12:00:00,09,2013,780,0.1,10.25,2.05,0.00,0.00,12.30,Credit Card,20.0000,1
8b09c858d1454590e820668713cfdc7c4bc799bf,05/29/2013,01:00:00,05,2013,1380,17.9,35.85,7.57,0.00,2.00,45.42,Credit Card,21.1157,1
8b09ca562eefc071ddc75548fb34663ad199e8ba,10/26/2013,11:45:00,10,2013,960,2.2,10.05,3.00,0.00,1.50,14.55,Credit Card,29.8507,1
8b09cbe89f61bd3137aa63f4bf69391f89340cc5,11/13/2013,01:15:00,11,2013,420,1.2,6.25,2.00,0.00,1.00,9.25,Credit Card,32.0000,1
8b09ce5cb9da6c6537e4be27db98b730409bb647,08/31/2013,12:30:00,08,2013,420,0,6.45,3.00,0.00,1.00,10.45,Credit Card,46.5116,1
8b09d1c4384cbfa19e898e4b6a81521e128ebe6a,09/10/2013,05:15:00,09,2013,780,2.4,9.44,2.00,0.00,1.00,12.44,Credit Card,21.1864,1
8b09d58db9ffe137f7de3b9b9d550d3b087490fa,04/28/2013,05:45:00,04,2013,600,4.2,11.45,2.00,0.00,1.00,14.45,Credit Card,17.4672,1
8b09d68b3e4e5bd0833dd284b67af892c51013d3,04/25/2013,10:45:00,04,2013,540,0,8.65,1.00,0.00,0.00,9.65,Credit Card,11.5606,1
8b09d73fef77e260d90f00691c8689efd164d94f,04/25/2013,03:30:00,04,2013,1440,21,40.85,8.57,0.00,2.00,51.42,Credit Card,20.9791,1
8b09d7ee61e0ba96b382928bd67af2b65b687be9,11/08/2013,06:00:00,11,2013,3420,19.1,42.05,8.00,0.00,2.00,52.05,Credit Card,19.0249,1
8b09dc50b8de5eb03425b09b312c080cf54edd76,07/23/2013,11:00:00,07,2013,360,0,6.45,1.55,0.00,0.00,8.00,Credit Card,24.0310,1
8b09e02bf6899cc7704dfaf3fe244c29c7fa71bd,05/27/2013,12:30:00,05,2013,1200,0.2,14.05,2.80,0.00,0.00,16.85,Credit Card,19.9288,1
8b09e26f9b97b92b7fa1edc2179b9b565b5eb1be,07/24/2013,04:15:00,07,2013,300,0.8,5.45,2.00,0.00,0.00,7.45,Credit Card,36.6972,1
